team,year,logo
Abilene Christian,2022,https://a.espncdn.com/i/teamlogos/ncaa/500/2000.png
Adelphi,2022,
Air Force,2022,https://a.espncdn.com/i/teamlogos/ncaa/500/2005.png
Akron,2022,https://a.espncdn.com/i/teamlogos/ncaa/500/2006.png
Alabama,2022,https://a.espncdn.com/i/teamlogos/ncaa/500/333.png
Alabama A&M,2022,https://a.espncdn.com/i/teamlogos/ncaa/500/2010.png
Alabama State,2022,https://a.espncdn.com/i/teamlogos/ncaa/500/2011.png
Alaska,2022,https://a.espncdn.com/i/teamlogos/ncaa/500/298.png
Alaska Anchorage,2022,https://a.espncdn.com/i/teamlogos/ncaa/500/1.png
Albany,2022,https://a.espncdn.com/i/teamlogos/ncaa/500/399.png
Alcorn State,2022,https://a.espncdn.com/i/teamlogos/ncaa/500/2016.png
American University,2022,https://a.espncdn.com/i/teamlogos/ncaa/500/44.png
Angelo State,2022,
Appalachian State,2022,https://a.espncdn.com/i/teamlogos/ncaa/500/2026.png
Arizona,2022,https://a.espncdn.com/i/teamlogos/ncaa/500/12.png
Arizona State,2022,https://a.espncdn.com/i/teamlogos/ncaa/500/9.png
Arkansas,2022,https://a.espncdn.com/i/teamlogos/ncaa/500/8.png
Arkansas State,2022,https://a.espncdn.com/i/teamlogos/ncaa/500/2032.png
Arkansas-Pine Bluff,2022,https://a.espncdn.com/i/teamlogos/ncaa/500/2029.png
Army,2022,https://a.espncdn.com/i/teamlogos/ncaa/500/349.png
Auburn,2022,https://a.espncdn.com/i/teamlogos/ncaa/500/2.png
Augusta,2022,
Austin Peay,2022,https://a.espncdn.com/i/teamlogos/ncaa/500/2046.png
Ball State,2022,https://a.espncdn.com/i/teamlogos/ncaa/500/2050.png
Baylor,2022,https://a.espncdn.com/i/teamlogos/ncaa/500/239.png
Bellarmine,2022,https://a.espncdn.com/i/teamlogos/ncaa/500/91.png
Belmont,2022,https://a.espncdn.com/i/teamlogos/ncaa/500/2057.png
Bethune-Cookman,2022,https://a.espncdn.com/i/teamlogos/ncaa/500/2065.png
Binghamton,2022,https://a.espncdn.com/i/teamlogos/ncaa/500/2066.png
Boise State,2022,https://a.espncdn.com/i/teamlogos/ncaa/500/68.png
Boston College,2022,https://a.espncdn.com/i/teamlogos/ncaa/500/103.png
Boston University,2022,https://a.espncdn.com/i/teamlogos/ncaa/500/104.png
Bowling Green,2022,https://a.espncdn.com/i/teamlogos/ncaa/500/189.png
Bradley,2022,https://a.espncdn.com/i/teamlogos/ncaa/500/71.png
Brown,2022,https://a.espncdn.com/i/teamlogos/ncaa/500/225.png
Bryant,2022,https://a.espncdn.com/i/teamlogos/ncaa/500/2803.png
Bucknell,2022,https://a.espncdn.com/i/teamlogos/ncaa/500/2083.png
Buffalo,2022,https://a.espncdn.com/i/teamlogos/ncaa/500/2084.png
Butler,2022,https://a.espncdn.com/i/teamlogos/ncaa/500/2086.png
BYU,2022,https://a.espncdn.com/i/teamlogos/ncaa/500/252.png
BYU Hawaii,2022,
Cal Poly,2022,https://a.espncdn.com/i/teamlogos/ncaa/500/13.png
California,2022,https://a.espncdn.com/i/teamlogos/ncaa/500/25.png
California Baptist,2022,https://a.espncdn.com/i/teamlogos/ncaa/500/2856.png
Campbell,2022,https://a.espncdn.com/i/teamlogos/ncaa/500/2097.png
Canisius,2022,https://a.espncdn.com/i/teamlogos/ncaa/500/2099.png
Central Arkansas,2022,https://a.espncdn.com/i/teamlogos/ncaa/500/2110.png
Central Connecticut,2022,https://a.espncdn.com/i/teamlogos/ncaa/500/2115.png
Central Michigan,2022,https://a.espncdn.com/i/teamlogos/ncaa/500/2117.png
Chaminade,2022,
Charleston,2022,https://a.espncdn.com/i/teamlogos/ncaa/500/232.png
Charleston Southern,2022,https://a.espncdn.com/i/teamlogos/ncaa/500/2127.png
Charlotte,2022,https://a.espncdn.com/i/teamlogos/ncaa/500/2429.png
Chattanooga,2022,https://a.espncdn.com/i/teamlogos/ncaa/500/236.png
Chicago State,2022,https://a.espncdn.com/i/teamlogos/ncaa/500/2130.png
Cincinnati,2022,https://a.espncdn.com/i/teamlogos/ncaa/500/2132.png
Clark Atlanta,2022,
Clemson,2022,https://a.espncdn.com/i/teamlogos/ncaa/500/228.png
Cleveland State,2022,https://a.espncdn.com/i/teamlogos/ncaa/500/325.png
Coastal Carolina,2022,https://a.espncdn.com/i/teamlogos/ncaa/500/324.png
Colgate,2022,https://a.espncdn.com/i/teamlogos/ncaa/500/2142.png
Colorado,2022,https://a.espncdn.com/i/teamlogos/ncaa/500/38.png
Colorado State,2022,https://a.espncdn.com/i/teamlogos/ncaa/500/36.png
Columbia,2022,https://a.espncdn.com/i/teamlogos/ncaa/500/171.png
Columbia International,2022,
Coppin State,2022,https://a.espncdn.com/i/teamlogos/ncaa/500/2154.png
Cornell,2022,https://a.espncdn.com/i/teamlogos/ncaa/500/172.png
Creighton,2022,https://a.espncdn.com/i/teamlogos/ncaa/500/156.png
CSU Bakersfield,2022,https://a.espncdn.com/i/teamlogos/ncaa/500/2934.png
CSU Fullerton,2022,https://a.espncdn.com/i/teamlogos/ncaa/500/2239.png
CSU Northridge,2022,https://a.espncdn.com/i/teamlogos/ncaa/500/2463.png
Dartmouth,2022,https://a.espncdn.com/i/teamlogos/ncaa/500/159.png
Davidson,2022,https://a.espncdn.com/i/teamlogos/ncaa/500/2166.png
Dayton,2022,https://a.espncdn.com/i/teamlogos/ncaa/500/2168.png
Delaware,2022,https://a.espncdn.com/i/teamlogos/ncaa/500/48.png
Delaware State,2022,https://a.espncdn.com/i/teamlogos/ncaa/500/2169.png
Denver,2022,https://a.espncdn.com/i/teamlogos/ncaa/500/2172.png
DePaul,2022,https://a.espncdn.com/i/teamlogos/ncaa/500/305.png
Detroit Mercy,2022,https://a.espncdn.com/i/teamlogos/ncaa/500/2174.png
Drake,2022,https://a.espncdn.com/i/teamlogos/ncaa/500/2181.png
Drexel,2022,https://a.espncdn.com/i/teamlogos/ncaa/500/2182.png
Duke,2022,https://a.espncdn.com/i/teamlogos/ncaa/500/150.png
Duquesne,2022,https://a.espncdn.com/i/teamlogos/ncaa/500/2184.png
East Carolina,2022,https://a.espncdn.com/i/teamlogos/ncaa/500/151.png
East Tennessee State,2022,https://a.espncdn.com/i/teamlogos/ncaa/500/2193.png
Eastern Illinois,2022,https://a.espncdn.com/i/teamlogos/ncaa/500/2197.png
Eastern Kentucky,2022,https://a.espncdn.com/i/teamlogos/ncaa/500/2198.png
Eastern Michigan,2022,https://a.espncdn.com/i/teamlogos/ncaa/500/2199.png
Eastern Washington,2022,https://a.espncdn.com/i/teamlogos/ncaa/500/331.png
Elon,2022,https://a.espncdn.com/i/teamlogos/ncaa/500/2210.png
Evansville,2022,https://a.espncdn.com/i/teamlogos/ncaa/500/339.png
Fairfield,2022,https://a.espncdn.com/i/teamlogos/ncaa/500/2217.png
Fairleigh Dickinson,2022,https://a.espncdn.com/i/teamlogos/ncaa/500/161.png
Florida,2022,https://a.espncdn.com/i/teamlogos/ncaa/500/57.png
Florida A&M,2022,https://a.espncdn.com/i/teamlogos/ncaa/500/50.png
Florida Atlantic,2022,https://a.espncdn.com/i/teamlogos/ncaa/500/2226.png
Florida Gulf Coast,2022,https://a.espncdn.com/i/teamlogos/ncaa/500/526.png
Florida International,2022,https://a.espncdn.com/i/teamlogos/ncaa/500/2229.png
Florida Memorial,2022,
Florida State,2022,https://a.espncdn.com/i/teamlogos/ncaa/500/52.png
Fordham,2022,https://a.espncdn.com/i/teamlogos/ncaa/500/2230.png
Fresno State,2022,https://a.espncdn.com/i/teamlogos/ncaa/500/278.png
Furman,2022,https://a.espncdn.com/i/teamlogos/ncaa/500/231.png
Gardner-Webb,2022,https://a.espncdn.com/i/teamlogos/ncaa/500/2241.png
George Mason,2022,https://a.espncdn.com/i/teamlogos/ncaa/500/2244.png
George Washington,2022,https://a.espncdn.com/i/teamlogos/ncaa/500/45.png
Georgetown,2022,https://a.espncdn.com/i/teamlogos/ncaa/500/46.png
Georgia,2022,https://a.espncdn.com/i/teamlogos/ncaa/500/61.png
Georgia Southern,2022,https://a.espncdn.com/i/teamlogos/ncaa/500/290.png
Georgia State,2022,https://a.espncdn.com/i/teamlogos/ncaa/500/2247.png
Georgia Tech,2022,https://a.espncdn.com/i/teamlogos/ncaa/500/59.png
Gonzaga,2022,https://a.espncdn.com/i/teamlogos/ncaa/500/2250.png
Grambling,2022,https://a.espncdn.com/i/teamlogos/ncaa/500/2755.png
Grand Canyon,2022,https://a.espncdn.com/i/teamlogos/ncaa/500/2253.png
Green Bay,2022,https://a.espncdn.com/i/teamlogos/ncaa/500/2739.png
Hampton,2022,https://a.espncdn.com/i/teamlogos/ncaa/500/2261.png
Hartford,2022,https://a.espncdn.com/i/teamlogos/ncaa/500/42.png
Harvard,2022,https://a.espncdn.com/i/teamlogos/ncaa/500/108.png
Hawai'i,2022,https://a.espncdn.com/i/teamlogos/ncaa/500/62.png
High Point,2022,https://a.espncdn.com/i/teamlogos/ncaa/500/2272.png
Hofstra,2022,https://a.espncdn.com/i/teamlogos/ncaa/500/2275.png
Holy Cross,2022,https://a.espncdn.com/i/teamlogos/ncaa/500/107.png
Houston,2022,https://a.espncdn.com/i/teamlogos/ncaa/500/248.png
Houston Baptist,2022,https://a.espncdn.com/i/teamlogos/ncaa/500/2277.png
Howard,2022,https://a.espncdn.com/i/teamlogos/ncaa/500/47.png
Idaho,2022,https://a.espncdn.com/i/teamlogos/ncaa/500/70.png
Idaho State,2022,https://a.espncdn.com/i/teamlogos/ncaa/500/304.png
Illinois,2022,https://a.espncdn.com/i/teamlogos/ncaa/500/356.png
Illinois State,2022,https://a.espncdn.com/i/teamlogos/ncaa/500/2287.png
Incarnate Word,2022,https://a.espncdn.com/i/teamlogos/ncaa/500/2916.png
Indiana,2022,https://a.espncdn.com/i/teamlogos/ncaa/500/84.png
Indiana State,2022,https://a.espncdn.com/i/teamlogos/ncaa/500/282.png
Iona,2022,https://a.espncdn.com/i/teamlogos/ncaa/500/314.png
Iowa,2022,https://a.espncdn.com/i/teamlogos/ncaa/500/2294.png
Iowa State,2022,https://a.espncdn.com/i/teamlogos/ncaa/500/66.png
IUPUI,2022,https://a.espncdn.com/i/teamlogos/ncaa/500/85.png
Jackson State,2022,https://a.espncdn.com/i/teamlogos/ncaa/500/2296.png
Jacksonville,2022,https://a.espncdn.com/i/teamlogos/ncaa/500/294.png
Jacksonville State,2022,https://a.espncdn.com/i/teamlogos/ncaa/500/55.png
James Madison,2022,https://a.espncdn.com/i/teamlogos/ncaa/500/256.png
Johnson & Wales (NC),2022,
Johnson University (FL),2022,
Kansas,2022,https://a.espncdn.com/i/teamlogos/ncaa/500/2305.png
Kansas City,2022,https://a.espncdn.com/i/teamlogos/ncaa/500/140.png
Kansas State,2022,https://a.espncdn.com/i/teamlogos/ncaa/500/2306.png
Kennesaw State,2022,https://a.espncdn.com/i/teamlogos/ncaa/500/338.png
Kent State,2022,https://a.espncdn.com/i/teamlogos/ncaa/500/2309.png
Kentucky,2022,https://a.espncdn.com/i/teamlogos/ncaa/500/96.png
Kutztown University,2022,https://a.espncdn.com/i/teamlogos/ncaa/500/2315.png
La Salle,2022,https://a.espncdn.com/i/teamlogos/ncaa/500/2325.png
Lafayette,2022,https://a.espncdn.com/i/teamlogos/ncaa/500/322.png
Lamar,2022,https://a.espncdn.com/i/teamlogos/ncaa/500/2320.png
Lane College,2022,
Lehigh,2022,https://a.espncdn.com/i/teamlogos/ncaa/500/2329.png
Liberty,2022,https://a.espncdn.com/i/teamlogos/ncaa/500/2335.png
Lipscomb,2022,https://a.espncdn.com/i/teamlogos/ncaa/500/288.png
Little Rock,2022,https://a.espncdn.com/i/teamlogos/ncaa/500/2031.png
LIU Brooklyn,2022,https://a.espncdn.com/i/teamlogos/ncaa/500/2341.png
Long Beach State,2022,https://a.espncdn.com/i/teamlogos/ncaa/500/299.png
Long Island University,2022,https://a.espncdn.com/i/teamlogos/ncaa/500/112358.png
Longwood,2022,https://a.espncdn.com/i/teamlogos/ncaa/500/2344.png
Louisiana,2022,https://a.espncdn.com/i/teamlogos/ncaa/500/309.png
Louisiana Tech,2022,https://a.espncdn.com/i/teamlogos/ncaa/500/2348.png
Louisville,2022,https://a.espncdn.com/i/teamlogos/ncaa/500/97.png
Loyola (MD),2022,https://a.espncdn.com/i/teamlogos/ncaa/500/2352.png
Loyola Chicago,2022,https://a.espncdn.com/i/teamlogos/ncaa/500/2350.png
Loyola Marymount,2022,https://a.espncdn.com/i/teamlogos/ncaa/500/2351.png
LSU,2022,https://a.espncdn.com/i/teamlogos/ncaa/500/99.png
Madonna University,2022,
Maine,2022,https://a.espncdn.com/i/teamlogos/ncaa/500/311.png
Manhattan,2022,https://a.espncdn.com/i/teamlogos/ncaa/500/2363.png
Marist,2022,https://a.espncdn.com/i/teamlogos/ncaa/500/2368.png
Marquette,2022,https://a.espncdn.com/i/teamlogos/ncaa/500/269.png
Marshall,2022,https://a.espncdn.com/i/teamlogos/ncaa/500/276.png
Maryland,2022,https://a.espncdn.com/i/teamlogos/ncaa/500/120.png
Maryland-Eastern Shore,2022,https://a.espncdn.com/i/teamlogos/ncaa/500/2379.png
McNeese,2022,https://a.espncdn.com/i/teamlogos/ncaa/500/2377.png
Memphis,2022,https://a.espncdn.com/i/teamlogos/ncaa/500/235.png
Mercer,2022,https://a.espncdn.com/i/teamlogos/ncaa/500/2382.png
Merrimack,2022,https://a.espncdn.com/i/teamlogos/ncaa/500/2771.png
Miami,2022,https://a.espncdn.com/i/teamlogos/ncaa/500/2390.png
Miami (OH),2022,https://a.espncdn.com/i/teamlogos/ncaa/500/193.png
Michigan,2022,https://a.espncdn.com/i/teamlogos/ncaa/500/130.png
Michigan State,2022,https://a.espncdn.com/i/teamlogos/ncaa/500/127.png
Middle Tennessee,2022,https://a.espncdn.com/i/teamlogos/ncaa/500/2393.png
Midwestern State,2022,
Milwaukee,2022,https://a.espncdn.com/i/teamlogos/ncaa/500/270.png
Minnesota,2022,https://a.espncdn.com/i/teamlogos/ncaa/500/135.png
Mississippi State,2022,https://a.espncdn.com/i/teamlogos/ncaa/500/344.png
Mississippi Valley State,2022,https://a.espncdn.com/i/teamlogos/ncaa/500/2400.png
Missouri,2022,https://a.espncdn.com/i/teamlogos/ncaa/500/142.png
Missouri State,2022,https://a.espncdn.com/i/teamlogos/ncaa/500/2623.png
Monmouth,2022,https://a.espncdn.com/i/teamlogos/ncaa/500/2405.png
Montana,2022,https://a.espncdn.com/i/teamlogos/ncaa/500/149.png
Montana State,2022,https://a.espncdn.com/i/teamlogos/ncaa/500/147.png
Morehead State,2022,https://a.espncdn.com/i/teamlogos/ncaa/500/2413.png
Morgan State,2022,https://a.espncdn.com/i/teamlogos/ncaa/500/2415.png
Mount Mercy College,2022,
Mount St. Mary's,2022,https://a.espncdn.com/i/teamlogos/ncaa/500/116.png
Murray State,2022,https://a.espncdn.com/i/teamlogos/ncaa/500/93.png
Navy,2022,https://a.espncdn.com/i/teamlogos/ncaa/500/2426.png
NC State,2022,https://a.espncdn.com/i/teamlogos/ncaa/500/152.png
Nebraska,2022,https://a.espncdn.com/i/teamlogos/ncaa/500/158.png
Nevada,2022,https://a.espncdn.com/i/teamlogos/ncaa/500/2440.png
New Hampshire,2022,https://a.espncdn.com/i/teamlogos/ncaa/500/160.png
New Mexico,2022,https://a.espncdn.com/i/teamlogos/ncaa/500/167.png
New Mexico State,2022,https://a.espncdn.com/i/teamlogos/ncaa/500/166.png
New Orleans,2022,https://a.espncdn.com/i/teamlogos/ncaa/500/2443.png
Niagara,2022,https://a.espncdn.com/i/teamlogos/ncaa/500/315.png
Nicholls,2022,https://a.espncdn.com/i/teamlogos/ncaa/500/2447.png
NJIT,2022,https://a.espncdn.com/i/teamlogos/ncaa/500/2885.png
Norfolk State,2022,https://a.espncdn.com/i/teamlogos/ncaa/500/2450.png
North Alabama,2022,https://a.espncdn.com/i/teamlogos/ncaa/500/2453.png
North Carolina,2022,https://a.espncdn.com/i/teamlogos/ncaa/500/153.png
North Carolina A&T,2022,https://a.espncdn.com/i/teamlogos/ncaa/500/2448.png
North Carolina Central,2022,https://a.espncdn.com/i/teamlogos/ncaa/500/2428.png
North Dakota,2022,https://a.espncdn.com/i/teamlogos/ncaa/500/155.png
North Dakota State,2022,https://a.espncdn.com/i/teamlogos/ncaa/500/2449.png
North Florida,2022,https://a.espncdn.com/i/teamlogos/ncaa/500/2454.png
North Texas,2022,https://a.espncdn.com/i/teamlogos/ncaa/500/249.png
Northeastern,2022,https://a.espncdn.com/i/teamlogos/ncaa/500/111.png
Northern Arizona,2022,https://a.espncdn.com/i/teamlogos/ncaa/500/2464.png
Northern Colorado,2022,https://a.espncdn.com/i/teamlogos/ncaa/500/2458.png
Northern Illinois,2022,https://a.espncdn.com/i/teamlogos/ncaa/500/2459.png
Northern Iowa,2022,https://a.espncdn.com/i/teamlogos/ncaa/500/2460.png
Northern Kentucky,2022,https://a.espncdn.com/i/teamlogos/ncaa/500/94.png
Northwestern,2022,https://a.espncdn.com/i/teamlogos/ncaa/500/77.png
Northwestern State,2022,https://a.espncdn.com/i/teamlogos/ncaa/500/2466.png
Notre Dame,2022,https://a.espncdn.com/i/teamlogos/ncaa/500/87.png
Oakland,2022,https://a.espncdn.com/i/teamlogos/ncaa/500/2473.png
Ohio,2022,https://a.espncdn.com/i/teamlogos/ncaa/500/195.png
Ohio State,2022,https://a.espncdn.com/i/teamlogos/ncaa/500/194.png
Ohio Valley,2022,
Oklahoma,2022,https://a.espncdn.com/i/teamlogos/ncaa/500/201.png
Oklahoma State,2022,https://a.espncdn.com/i/teamlogos/ncaa/500/197.png
Old Dominion,2022,https://a.espncdn.com/i/teamlogos/ncaa/500/295.png
Ole Miss,2022,https://a.espncdn.com/i/teamlogos/ncaa/500/145.png
Omaha,2022,https://a.espncdn.com/i/teamlogos/ncaa/500/2437.png
Oral Roberts,2022,https://a.espncdn.com/i/teamlogos/ncaa/500/198.png
Oregon,2022,https://a.espncdn.com/i/teamlogos/ncaa/500/2483.png
Oregon State,2022,https://a.espncdn.com/i/teamlogos/ncaa/500/204.png
Pacific,2022,https://a.espncdn.com/i/teamlogos/ncaa/500/279.png
Penn State,2022,https://a.espncdn.com/i/teamlogos/ncaa/500/213.png
Pennsylvania,2022,https://a.espncdn.com/i/teamlogos/ncaa/500/219.png
Pepperdine,2022,https://a.espncdn.com/i/teamlogos/ncaa/500/2492.png
Pittsburgh,2022,https://a.espncdn.com/i/teamlogos/ncaa/500/221.png
Portland,2022,https://a.espncdn.com/i/teamlogos/ncaa/500/2501.png
Portland State,2022,https://a.espncdn.com/i/teamlogos/ncaa/500/2502.png
PR Bayamon,2022,
Prairie View A&M,2022,https://a.espncdn.com/i/teamlogos/ncaa/500/2504.png
Presbyterian,2022,https://a.espncdn.com/i/teamlogos/ncaa/500/2506.png
Princeton,2022,https://a.espncdn.com/i/teamlogos/ncaa/500/163.png
Providence,2022,https://a.espncdn.com/i/teamlogos/ncaa/500/2507.png
Purdue,2022,https://a.espncdn.com/i/teamlogos/ncaa/500/2509.png
Purdue Fort Wayne,2022,https://a.espncdn.com/i/teamlogos/ncaa/500/2870.png
Quinnipiac,2022,https://a.espncdn.com/i/teamlogos/ncaa/500/2514.png
Radford,2022,https://a.espncdn.com/i/teamlogos/ncaa/500/2515.png
Rhode Island,2022,https://a.espncdn.com/i/teamlogos/ncaa/500/227.png
Rice,2022,https://a.espncdn.com/i/teamlogos/ncaa/500/242.png
Richmond,2022,https://a.espncdn.com/i/teamlogos/ncaa/500/257.png
Rider,2022,https://a.espncdn.com/i/teamlogos/ncaa/500/2520.png
Robert Morris,2022,https://a.espncdn.com/i/teamlogos/ncaa/500/2523.png
Rutgers,2022,https://a.espncdn.com/i/teamlogos/ncaa/500/164.png
Sacramento State,2022,https://a.espncdn.com/i/teamlogos/ncaa/500/16.png
Sacred Heart,2022,https://a.espncdn.com/i/teamlogos/ncaa/500/2529.png
Saint Joseph's,2022,https://a.espncdn.com/i/teamlogos/ncaa/500/2603.png
Saint Louis,2022,https://a.espncdn.com/i/teamlogos/ncaa/500/139.png
Saint Mary's,2022,https://a.espncdn.com/i/teamlogos/ncaa/500/2608.png
Saint Peter's,2022,https://a.espncdn.com/i/teamlogos/ncaa/500/2612.png
Sam Houston,2022,https://a.espncdn.com/i/teamlogos/ncaa/500/2534.png
Samford,2022,https://a.espncdn.com/i/teamlogos/ncaa/500/2535.png
San Diego,2022,https://a.espncdn.com/i/teamlogos/ncaa/500/301.png
San Diego State,2022,https://a.espncdn.com/i/teamlogos/ncaa/500/21.png
San Francisco,2022,https://a.espncdn.com/i/teamlogos/ncaa/500/2539.png
San Jos√© State,2022,https://a.espncdn.com/i/teamlogos/ncaa/500/23.png
Santa Clara,2022,https://a.espncdn.com/i/teamlogos/ncaa/500/2541.png
Savannah State,2022,https://a.espncdn.com/i/teamlogos/ncaa/500/2542.png
SE Louisiana,2022,https://a.espncdn.com/i/teamlogos/ncaa/500/2545.png
Seattle U,2022,https://a.espncdn.com/i/teamlogos/ncaa/500/2547.png
Seton Hall,2022,https://a.espncdn.com/i/teamlogos/ncaa/500/2550.png
Siena,2022,https://a.espncdn.com/i/teamlogos/ncaa/500/2561.png
SIU Edwardsville,2022,https://a.espncdn.com/i/teamlogos/ncaa/500/2565.png
SMU,2022,https://a.espncdn.com/i/teamlogos/ncaa/500/2567.png
South Alabama,2022,https://a.espncdn.com/i/teamlogos/ncaa/500/6.png
South Carolina,2022,https://a.espncdn.com/i/teamlogos/ncaa/500/2579.png
South Carolina State,2022,https://a.espncdn.com/i/teamlogos/ncaa/500/2569.png
South Carolina Upstate,2022,https://a.espncdn.com/i/teamlogos/ncaa/500/2908.png
South Dakota,2022,https://a.espncdn.com/i/teamlogos/ncaa/500/233.png
South Dakota School of Mines,2022,
South Dakota State,2022,https://a.espncdn.com/i/teamlogos/ncaa/500/2571.png
South Florida,2022,https://a.espncdn.com/i/teamlogos/ncaa/500/58.png
Southeast Missouri State,2022,https://a.espncdn.com/i/teamlogos/ncaa/500/2546.png
Southern,2022,https://a.espncdn.com/i/teamlogos/ncaa/500/2582.png
Southern Illinois,2022,https://a.espncdn.com/i/teamlogos/ncaa/500/79.png
Southern Miss,2022,https://a.espncdn.com/i/teamlogos/ncaa/500/2572.png
Southern Utah,2022,https://a.espncdn.com/i/teamlogos/ncaa/500/253.png
Southern-New Orleans,2022,
St Thomas University-Houston,2022,
St. Bonaventure,2022,https://a.espncdn.com/i/teamlogos/ncaa/500/179.png
St. Francis (BKN),2022,https://a.espncdn.com/i/teamlogos/ncaa/500/2597.png
St. Francis (PA),2022,https://a.espncdn.com/i/teamlogos/ncaa/500/2598.png
St. John's,2022,https://a.espncdn.com/i/teamlogos/ncaa/500/2599.png
Stanford,2022,https://a.espncdn.com/i/teamlogos/ncaa/500/24.png
Staten Island,2022,
Stephen F. Austin,2022,https://a.espncdn.com/i/teamlogos/ncaa/500/2617.png
Stetson,2022,https://a.espncdn.com/i/teamlogos/ncaa/500/56.png
Stillman,2022,
Stony Brook,2022,https://a.espncdn.com/i/teamlogos/ncaa/500/2619.png
Syracuse,2022,https://a.espncdn.com/i/teamlogos/ncaa/500/183.png
Tarleton,2022,https://a.espncdn.com/i/teamlogos/ncaa/500/2627.png
TBD,2022,
TCU,2022,https://a.espncdn.com/i/teamlogos/ncaa/500/2628.png
Temple,2022,https://a.espncdn.com/i/teamlogos/ncaa/500/218.png
Tennessee,2022,https://a.espncdn.com/i/teamlogos/ncaa/500/2633_ncw.png
Tennessee State,2022,https://a.espncdn.com/i/teamlogos/ncaa/500/2634.png
Tennessee Tech,2022,https://a.espncdn.com/i/teamlogos/ncaa/500/2635.png
Texas,2022,https://a.espncdn.com/i/teamlogos/ncaa/500/251.png
Texas A&M,2022,https://a.espncdn.com/i/teamlogos/ncaa/500/245.png
Texas A&M-CC,2022,https://a.espncdn.com/i/teamlogos/ncaa/500/357.png
Texas Southern,2022,https://a.espncdn.com/i/teamlogos/ncaa/500/2640.png
Texas State,2022,https://a.espncdn.com/i/teamlogos/ncaa/500/326.png
Texas Tech,2022,https://a.espncdn.com/i/teamlogos/ncaa/500/2641.png
Texas Wesleyan,2022,
Toledo,2022,https://a.espncdn.com/i/teamlogos/ncaa/500/2649.png
Towson,2022,https://a.espncdn.com/i/teamlogos/ncaa/500/119.png
Trinity (TX),2022,
Troy,2022,https://a.espncdn.com/i/teamlogos/ncaa/500/2653.png
Tulane,2022,https://a.espncdn.com/i/teamlogos/ncaa/500/2655.png
Tulsa,2022,https://a.espncdn.com/i/teamlogos/ncaa/500/202.png
UAB,2022,https://a.espncdn.com/i/teamlogos/ncaa/500/5.png
UC Davis,2022,https://a.espncdn.com/i/teamlogos/ncaa/500/302.png
UC Irvine,2022,https://a.espncdn.com/i/teamlogos/ncaa/500/300.png
UC Riverside,2022,https://a.espncdn.com/i/teamlogos/ncaa/500/27.png
UC San Diego,2022,https://a.espncdn.com/i/teamlogos/ncaa/500/28.png
UC Santa Barbara,2022,https://a.espncdn.com/i/teamlogos/ncaa/500/2540.png
UCF,2022,https://a.espncdn.com/i/teamlogos/ncaa/500/2116.png
UCLA,2022,https://a.espncdn.com/i/teamlogos/ncaa/500/26.png
UConn,2022,https://a.espncdn.com/i/teamlogos/ncaa/500/41.png
UIC,2022,https://a.espncdn.com/i/teamlogos/ncaa/500/82.png
UL Monroe,2022,https://a.espncdn.com/i/teamlogos/ncaa/500/2433.png
UMass,2022,https://a.espncdn.com/i/teamlogos/ncaa/500/113.png
UMass Lowell,2022,https://a.espncdn.com/i/teamlogos/ncaa/500/2349.png
UMBC,2022,https://a.espncdn.com/i/teamlogos/ncaa/500/2378.png
UNC Asheville,2022,https://a.espncdn.com/i/teamlogos/ncaa/500/2427.png
UNC Greensboro,2022,https://a.espncdn.com/i/teamlogos/ncaa/500/2430.png
UNC Wilmington,2022,https://a.espncdn.com/i/teamlogos/ncaa/500/350.png
University of Northwestern Ohio,2022,
UNLV,2022,https://a.espncdn.com/i/teamlogos/ncaa/500/2439.png
USC,2022,https://a.espncdn.com/i/teamlogos/ncaa/500/30.png
UT Arlington,2022,https://a.espncdn.com/i/teamlogos/ncaa/500/250.png
UT Martin,2022,https://a.espncdn.com/i/teamlogos/ncaa/500/2630.png
UT Rio Grande Valley,2022,https://a.espncdn.com/i/teamlogos/ncaa/500/292.png
Utah,2022,https://a.espncdn.com/i/teamlogos/ncaa/500/254.png
Utah State,2022,https://a.espncdn.com/i/teamlogos/ncaa/500/328.png
Utah Tech,2022,https://a.espncdn.com/i/teamlogos/ncaa/500/3101.png
Utah Valley,2022,https://a.espncdn.com/i/teamlogos/ncaa/500/3084.png
UTEP,2022,https://a.espncdn.com/i/teamlogos/ncaa/500/2638.png
UTSA,2022,https://a.espncdn.com/i/teamlogos/ncaa/500/2636.png
Valparaiso,2022,https://a.espncdn.com/i/teamlogos/ncaa/500/2674.png
Vanderbilt,2022,https://a.espncdn.com/i/teamlogos/ncaa/500/238.png
VCU,2022,https://a.espncdn.com/i/teamlogos/ncaa/500/2670.png
Vermont,2022,https://a.espncdn.com/i/teamlogos/ncaa/500/261.png
Villanova,2022,https://a.espncdn.com/i/teamlogos/ncaa/500/222.png
Virginia,2022,https://a.espncdn.com/i/teamlogos/ncaa/500/258.png
Virginia Tech,2022,https://a.espncdn.com/i/teamlogos/ncaa/500/259.png
Wagner,2022,https://a.espncdn.com/i/teamlogos/ncaa/500/2681.png
Wake Forest,2022,https://a.espncdn.com/i/teamlogos/ncaa/500/154.png
Washington,2022,https://a.espncdn.com/i/teamlogos/ncaa/500/264.png
Washington State,2022,https://a.espncdn.com/i/teamlogos/ncaa/500/265.png
Webber International,2022,
Weber State,2022,https://a.espncdn.com/i/teamlogos/ncaa/500/2692.png
West Texas A&M,2022,https://a.espncdn.com/i/teamlogos/ncaa/500/2704.png
West Virginia,2022,https://a.espncdn.com/i/teamlogos/ncaa/500/277.png
Western Carolina,2022,https://a.espncdn.com/i/teamlogos/ncaa/500/2717.png
Western Illinois,2022,https://a.espncdn.com/i/teamlogos/ncaa/500/2710.png
Western Kentucky,2022,https://a.espncdn.com/i/teamlogos/ncaa/500/98.png
Western Michigan,2022,https://a.espncdn.com/i/teamlogos/ncaa/500/2711.png
Wichita State,2022,https://a.espncdn.com/i/teamlogos/ncaa/500/2724.png
Wiley,2022,https://a.espncdn.com/i/teamlogos/ncaa/500/2728.png
William & Mary,2022,https://a.espncdn.com/i/teamlogos/ncaa/500/2729.png
Winthrop,2022,https://a.espncdn.com/i/teamlogos/ncaa/500/2737.png
Wisconsin,2022,https://a.espncdn.com/i/teamlogos/ncaa/500/275.png
Wofford,2022,https://a.espncdn.com/i/teamlogos/ncaa/500/2747.png
Wright State,2022,https://a.espncdn.com/i/teamlogos/ncaa/500/2750.png
Wyoming,2022,https://a.espncdn.com/i/teamlogos/ncaa/500/2751.png
Xavier,2022,https://a.espncdn.com/i/teamlogos/ncaa/500/2752.png
Xavier (LA),2022,
Yale,2022,https://a.espncdn.com/i/teamlogos/ncaa/500/43.png
Youngstown State,2022,https://a.espncdn.com/i/teamlogos/ncaa/500/2754.png
Academy Of Art University,2022,
Adams State,2022,
Alabama-Huntsville,2022,
Albertus Magnus,2022,
Alderson-Broaddus,2022,https://a.espncdn.com/i/teamlogos/ncaa/500/2017.png
Alice Lloyd College,2022,
Allen,2022,
Allentown,2022,
Anderson,2022,
Antelope Valley,2022,
Arizona Christian,2022,https://a.espncdn.com/i/teamlogos/ncaa/500/3188.png
Ark Monticello,2022,
Arlington Baptist,2022,
Armstrong Atl St,2022,
Asbury,2022,
Ashford University,2022,
Auburn-Montgomery,2022,
Ave Maria University,2022,
Averett,2022,
Bacone College,2022,
Barber-Scotia,2022,
Barton,2022,
Bellevue University,2022,
Belmont Abbey,2022,
Benedictine,2022,
Berea,2022,
Berry,2022,
Bethany College,2022,
Bethel (TN),2022,https://a.espncdn.com/i/teamlogos/ncaa/500/2064.png
Bethel College Indiana,2022,
Bethesda,2022,
Biola,2022,
Birmingham-Southern,2022,https://a.espncdn.com/i/teamlogos/ncaa/500/3.png
Black Hills State,2022,https://a.espncdn.com/i/teamlogos/ncaa/500/2069.png
Blackburn,2022,
Bloomsburg University,2022,https://a.espncdn.com/i/teamlogos/ncaa/500/2071.png
Blue Mountain College,2022,
Bluefield College,2022,
Bluefield State,2022,
Bob Jones University,2022,
Bowie State,2022,
Brescia,2022,
Brevard College,2022,
Brewton Parker,2022,
Bridgeport,2022,
Bris,2022,
Cal State East Bay,2022,
Cal State San Marcos,2022,
Cal State-Los Angeles,2022,
Caldwell University,2022,https://a.espncdn.com/i/teamlogos/ncaa/500/2857.png
California Maritime,2022,
Cameron,2022,
Campbellsville,2022,
Campbellsville-Harrodsburg,2022,
Cardinal Stritch,2022,
Carroll (MT),2022,https://a.espncdn.com/i/teamlogos/ncaa/500/2104.png
Carson Newman,2022,
Carver College,2022,
Catawba,2022,
Catholic University,2022,
Cedarville,2022,https://a.espncdn.com/i/teamlogos/ncaa/500/2109.png
Centenary,2022,https://a.espncdn.com/i/teamlogos/ncaa/500/2113.png
Central Baptist College,2022,
Central Christian College,2022,
Central Methodist,2022,
Central Missouri State,2022,
Central Penn,2022,
Central State (OH),2022,
Central Washington,2022,https://a.espncdn.com/i/teamlogos/ncaa/500/2120.png
Chadron State,2022,
Champion Christian College,2022,
Chapman,2022,
Charleston (WV),2022,
Chestnut Hill,2022,
Cheyney,2022,
Chowan,2022,https://a.espncdn.com/i/teamlogos/ncaa/500/2804.png
Christian Brothers,2022,
Cincinnati Christian,2022,
Clarion,2022,https://a.espncdn.com/i/teamlogos/ncaa/500/2134.png
Clarke College,2022,
Clearwater,2022,
Coastal Georgia,2022,
Coker,2022,
Colby,2022,https://a.espncdn.com/i/teamlogos/ncaa/500/33.png
Colby-Sawyer,2022,
College of Idaho,2022,
College St. Mary (SD),2022,
Colorado Christian,2022,
Colorado Mines,2022,
Colorado Springs,2022,https://a.espncdn.com/i/teamlogos/ncaa/500/2145.png
Colorado State-Pueblo,2022,
Columbia College,2022,
Columbia College (SC),2022,
Columbia International University,2022,
Concord College,2022,https://a.espncdn.com/i/teamlogos/ncaa/500/2148.png
Concordia (MI),2022,
Concordia (TX),2022,
Concordia College,2022,
Concordia College (AL),2022,
Concordia Oregon,2022,
Concordia University (CA),2022,
Concordia-St. Paul,2022,
Connecticut College,2022,
Converse,2022,
Converse College,2022,
Corban University,2022,https://a.espncdn.com/i/teamlogos/ncaa/500/3106.png
Cortland St,2022,
Covenant,2022,
Crowleys Ridge,2022,
CSU Dominguez Hills,2022,
CSU Monterey Bay,2022,
CSU San Bernardino,2022,
Culver-Stockton,2022,
Cumberland (TN),2022,
Dakota State,2022,https://a.espncdn.com/i/teamlogos/ncaa/500/512.png
Dakota Wesleyan University,2022,
Davenport University,2022,https://a.espncdn.com/i/teamlogos/ncaa/500/3092.png
Davis & Elkins,2022,
Defiance,2022,
Delta State,2022,https://a.espncdn.com/i/teamlogos/ncaa/500/2170.png
Dickinson State,2022,
Dillard,2022,
Doane,2022,
Dominican Cal,2022,
E. Stroudsburg,2022,https://a.espncdn.com/i/teamlogos/ncaa/500/2188.png
East Nazarene,2022,
East Texas Baptist,2022,
Eastern New Mexico,2022,
Eastern Oregon,2022,
Eastern University,2022,https://a.espncdn.com/i/teamlogos/ncaa/500/2196.png
Edward Waters,2022,
Emerson College,2022,
Emmanuel,2022,
Emory & Henry,2022,
Erskine,2022,
Eureka College,2022,
Evangel,2022,
Evergreen State,2022,
Farmingdale St.,2022,
Faulkner,2022,
Fayetteville State,2022,https://a.espncdn.com/i/teamlogos/ncaa/500/2220.png
FDU-Florham,2022,
Ferris State,2022,https://a.espncdn.com/i/teamlogos/ncaa/500/2222.png
Findlay,2022,
Fisher College,2022,
Fisk,2022,
Flagler,2022,https://a.espncdn.com/i/teamlogos/ncaa/500/2228.png
Florida National,2022,
Fort Valley State,2022,
Francis Marion,2022,
Fresno Pacific,2022,
Frostburg,2022,
Ft. Lewis,2022,
Fulton,2022,
Gallaudet University,2022,
Georgetown (KY),2022,https://a.espncdn.com/i/teamlogos/ncaa/500/2245.png
Georgia Southwestern,2022,
Georgian Court,2022,
Gettysburg,2022,
Goshen College,2022,
Goucher,2022,
Grace Bible College,2022,
Grace College,2022,
Graceland University,2022,https://a.espncdn.com/i/teamlogos/ncaa/500/530.png
Greensboro College,2022,
Guelph,2022,
Guilford,2022,
Gwynedd-Mercy,2022,
Hannibal-LaGrange,2022,
Harding,2022,https://a.espncdn.com/i/teamlogos/ncaa/500/2264.png
Harris Stowe,2022,
Haskell Indian Nations,2022,
Haverford,2022,
Hawaii Hilo,2022,
Hawaii Pacific,2022,
Heidelberg,2022,
Henderson State,2022,https://a.espncdn.com/i/teamlogos/ncaa/500/2271.png
Hendrix College,2022,
Hillsdale,2022,
Hiram,2022,
Holy Names College,2022,https://a.espncdn.com/i/teamlogos/ncaa/500/2868.png
Hope,2022,
Hope International,2022,
Howard Payne,2022,
Husson,2022,
Huston-Tillotson,2022,
Illinois College,2022,
Illinois-Springfield,2022,
INDIANA TECH,2022,
Indiana University East,2022,
Indiana University Kokomo,2022,
Indiana-Northwest,2022,
Indianapolis,2022,
Iowa Wesleyan,2022,
IU-Southeast,2022,
Jamestown,2022,
Jarvis Christian,2022,
Johns Hopkins,2022,https://a.espncdn.com/i/teamlogos/ncaa/500/118.png
Johnson & Wales,2022,
Johnson & Wales Florida,2022,
Johnson C. Smith,2022,
Keene State,2022,
Keiser University,2022,
Kent St Tuscarawas,2022,
Kentucky Christian,2022,
Kentucky State,2022,https://a.espncdn.com/i/teamlogos/ncaa/500/2310.png
King College TN,2022,
King's College (PA),2022,
KY Wesleyan,2022,
La Sierra University,2022,
La Verne,2022,
LaGrange College,2022,
Lake Erie College,2022,
Lake Forest College,2022,
Lawrence Tech,2022,
Le Moyne-Owen,2022,
Le Tourneau,2022,https://a.espncdn.com/i/teamlogos/ncaa/500/2326.png
Leavenworth,2022,
Lee University,2022,
Lees-McRae,2022,
Lenoir-Rhyne College,2022,https://a.espncdn.com/i/teamlogos/ncaa/500/2331.png
Lewis & Clark,2022,
Lewis Clark State,2022,https://a.espncdn.com/i/teamlogos/ncaa/500/2334.png
LIFE,2022,
Life Pacific,2022,
Limestone,2022,
Lincoln,2022,
Lincoln MO,2022,
Lincoln PA,2022,
Lindenwood,2022,https://a.espncdn.com/i/teamlogos/ncaa/500/2815.png
Livingstone,2022,
Louisiana College,2022,
Lourdes University,2022,
Loyola (LA),2022,
LSU Shreveport,2022,
LSU-Alexandria,2022,
Lynchburg,2022,
Lynn University,2022,
Lyon College,2022,
MacMurray College,2022,
Maine Maritime Acade,2022,
Malone University,2022,
Mansfield,2022,
Marian,2022,
Mars Hill,2022,https://a.espncdn.com/i/teamlogos/ncaa/500/2369.png
Mary (Nd),2022,https://a.espncdn.com/i/teamlogos/ncaa/500/559.png
Mary Hardn Bylr,2022,
Mary Washington,2022,
Marygrove College,2022,
Maryville University,2022,
Mayville State,2022,
McKendree,2022,
McMurry,2022,
Menlo College,2022,
Mercy,2022,
Mercyhurst,2022,https://a.espncdn.com/i/teamlogos/ncaa/500/2385.png
Meredith College,2022,
Mesa,2022,
Michigan Dearborn,2022,
Mid-America Christian,2022,
Mid-Atlantic Christian University,2022,
MidAm Nazarene,2022,
Middle Georgia State,2022,
Midland University,2022,
Midway,2022,
Miles,2022,
Millersville,2022,https://a.espncdn.com/i/teamlogos/ncaa/500/210.png
Milligan,2022,
Millikin,2022,
Millsaps,2022,
Minnesota State,2022,https://a.espncdn.com/i/teamlogos/ncaa/500/2817.png
Minot State,2022,
Misericordia,2022,
Missouri Baptist,2022,https://a.espncdn.com/i/teamlogos/ncaa/500/2880.png
Missouri S&T,2022,
Missouri Valley,2022,
Missouri-St. Louis,2022,
Mobile,2022,
Molloy,2022,
Monmouth ILL,2022,
Mont St Billings,2022,https://a.espncdn.com/i/teamlogos/ncaa/500/2407.png
Montana State-Northern,2022,https://a.espncdn.com/i/teamlogos/ncaa/500/569.png
Montana Tech,2022,
Montana-Western,2022,https://a.espncdn.com/i/teamlogos/ncaa/500/2701.png
Montevallo,2022,
Montreat College,2022,https://a.espncdn.com/i/teamlogos/ncaa/500/2410.png
Morris College,2022,
Mount Ida College,2022,
Mount Marty College,2022,
Mount Olive,2022,
Mount St. Joseph,2022,
Multnomah,2022,
Muskingum,2022,
Nashua,2022,
NC Pembroke,2022,
NC Wesleyan,2022,
Nebraska Wesleyan,2022,
New England Coll,2022,
Newberry,2022,
NM Highlands,2022,https://a.espncdn.com/i/teamlogos/ncaa/500/2424.png
North Greenville,2022,https://a.espncdn.com/i/teamlogos/ncaa/500/2822.png
Northern New Mexico,2022,https://a.espncdn.com/i/teamlogos/ncaa/500/3141.png
Northland,2022,
Northwest Christian,2022,
Northwest College,2022,
Northwestern College (Iowa),2022,
Northwood,2022,https://a.espncdn.com/i/teamlogos/ncaa/500/2886.png
Northwood University,2022,
Norwich,2022,
Notre Dame CA,2022,
Notre Dame College,2022,https://a.espncdn.com/i/teamlogos/ncaa/500/587.png
Notre Dame of Maryland University,2022,
NW Missouri State,2022,https://a.espncdn.com/i/teamlogos/ncaa/500/138.png
NW Nazarene,2022,
Nyack College,2022,
Oakland City,2022,
Oakwood,2022,
Oberlin College,2022,
Occidental,2022,
Ohio Christian,2022,
Ohio Dominican,2022,https://a.espncdn.com/i/teamlogos/ncaa/500/2477.png
Olivet College,2022,
Ottawa (AZ),2022,
Otterbein,2022,
Our Lady Of The Lake,2022,
Pacific Union,2022,
Paine,2022,
Palm Beach Atlantic University,2022,
Panhandle State,2022,
Park University,2022,
Paul Quinn,2022,
Penn State (Beaver),2022,
Pensacola Christian College,2022,
Peru State College,2022,
Pfeiffer,2022,
Philander Smith,2022,
Piedmont,2022,
Pittsburgh-Johnstown,2022,
Point Park,2022,
Post University,2022,https://a.espncdn.com/i/teamlogos/ncaa/500/110467.png
Providence (MT),2022,
Purdue Northwest,2022,https://a.espncdn.com/i/teamlogos/ncaa/500/368.png
Queens College,2022,
Queens NC,2022,https://a.espncdn.com/i/teamlogos/ncaa/500/2511.png
Quincy,2022,
Rapid City,2022,
Regent University,2022,
Regis University,2022,
Rhode Island College,2022,
Rhodes College,2022,
Robert Morris (IL-Sp,2022,
Robert Morris Col.,2022,
Roberts Wesleyan Col,2022,
Rochester College,2022,
Rockford,2022,
Rockhurst,2022,
Rocky Mountain,2022,
Rogers State University,2022,
Roosevelt,2022,
Rust College,2022,
Rutgers-Newark,2022,
Saginaw Valley,2022,https://a.espncdn.com/i/teamlogos/ncaa/500/129.png
Saint Joseph's College Brooklyn,2022,
Salem College,2022,
Salem University,2022,https://a.espncdn.com/i/teamlogos/ncaa/500/108810.png
San Diego Christian,2022,https://a.espncdn.com/i/teamlogos/ncaa/500/3096.png
San Francisco State,2022,
SC Aiken,2022,
Schreiner,2022,
SD School of Mines,2022,
Seton Hill College,2022,https://a.espncdn.com/i/teamlogos/ncaa/500/611.png
Shepherd College,2022,https://a.espncdn.com/i/teamlogos/ncaa/500/2974.png
Shippensburg,2022,https://a.espncdn.com/i/teamlogos/ncaa/500/2559.png
Shorter,2022,https://a.espncdn.com/i/teamlogos/ncaa/500/2560.png
Simpson College,2022,
Simpson University (CA),2022,
Slippery Rock,2022,https://a.espncdn.com/i/teamlogos/ncaa/500/215.png
Sonoma State,2022,
Southeastern,2022,
Southern Arkansas,2022,
Southern Connecticut State,2022,
Southern Oregon,2022,https://a.espncdn.com/i/teamlogos/ncaa/500/2584.png
Southern Wesleyan,2022,
Southwest,2022,
Southwest Assemblies of God,2022,
Southwest Minnesota State,2022,
Southwestern,2022,
Spring Hill,2022,
Springfield,2022,
St Gregory's,2022,
St. Andrews,2022,https://a.espncdn.com/i/teamlogos/ncaa/500/2592.png
St. Augustine,2022,
St. Edwards,2022,
St. Francis (ILL),2022,
St. Joseph (VT),2022,
St. Josephs (IND),2022,
St. Katherine,2022,
St. Martins,2022,
St. Thomas Aquinas,2022,
St. Thomas University,2022,
St. Xavier,2022,
Stanislaus State,2022,
Stephens College,2022,
Stevens Tech,2022,
Stevenson,2022,
Sul Ross,2022,https://a.espncdn.com/i/teamlogos/ncaa/500/2834.png
SUNY-New Paltz,2022,
SW Christian University,2022,
Talladega,2022,
Taylor University,2022,
Tennessee Southern,2022,
Tennessee Temple,2022,
Tennessee Wesleyan,2022,
Terrell,2022,
Texas A&M Commerce,2022,https://a.espncdn.com/i/teamlogos/ncaa/500/2837.png
Texas A&M-International,2022,
Texas A&M-Kingsville,2022,
Texas A&M-Texarkana,2022,
Texas College,2022,
Texas Dallas,2022,https://a.espncdn.com/i/teamlogos/ncaa/500/2905.png
Texas Lutheran,2022,
Texas Permian Basin,2022,https://a.espncdn.com/i/teamlogos/ncaa/500/3081.png
Texas-Tyler,2022,https://a.espncdn.com/i/teamlogos/ncaa/500/3086.png
Thiel College,2022,
Thomas University,2022,
Tiffin,2022,
Toccoa Falls,2022,
Tougaloo,2022,
Transylvania,2022,
Trevecca Nazarene,2022,
Trine University,2022,
Trinity Baptist,2022,
Truett-McConnell,2022,
Truman State,2022,
Tusculum,2022,
Tuskegee,2022,https://a.espncdn.com/i/teamlogos/ncaa/500/2657.png
UC Merced,2022,
UC Santa Cruz,2022,
UM Fort Kent,2022,
Union (TN),2022,
University of Health Sciences and Pharm,2022,
University of New England,2022,
University of Science and Arts,2022,
UNT Dallas,2022,https://a.espncdn.com/i/teamlogos/ncaa/500/123546.png
Urbana,2022,
VA Intermont,2022,
Valley City State,2022,
Valley Forge,2022,
Vermont Tech,2022,
Virginia Union,2022,
Virginia-Wise,2022,
Voorhees,2022,
VU of Lynchburg,2022,
W. Virginia Tech,2022,https://a.espncdn.com/i/teamlogos/ncaa/500/2706.png
Waldorf College,2022,
Walla Walla,2022,
Warner Pacific College,2022,
Warner University,2022,
Warren Wilson,2022,
Washington Adventist,2022,
Washington College (MD),2022,
Wayland Baptist University,2022,
Wesley,2022,
Wesleyan College,2022,
West Alabama,2022,https://a.espncdn.com/i/teamlogos/ncaa/500/2695.png
West Chester,2022,https://a.espncdn.com/i/teamlogos/ncaa/500/223.png
West Georgia,2022,
West Liberty State,2022,
West New Mexico,2022,
West Virginia St.,2022,
West Virginia Wesleyan,2022,
West. Washington,2022,
Westcliff,2022,
Western Colorado,2022,
Western Oregon,2022,https://a.espncdn.com/i/teamlogos/ncaa/500/2848.png
Westminster (UT),2022,
Westmont,2022,
Wheaton College (MA),2022,
Whittier,2022,
Wilberforce,2022,
Willamette,2022,
William Carey,2022,
William Jessup,2022,
William Jewell,2022,https://a.espncdn.com/i/teamlogos/ncaa/500/2911.png
William Peace,2022,
William Penn,2022,
William Woods,2022,
Williams Baptist,2022,
Wilmington (DE),2022,
Wilmington DE,2022,
Winston Salem,2022,https://a.espncdn.com/i/teamlogos/ncaa/500/2736.png
Wisconsin Parkside,2022,https://a.espncdn.com/i/teamlogos/ncaa/500/2742.png
Wisonsin Lutheran,2022,
Worcester State Coll,2022,https://a.espncdn.com/i/teamlogos/ncaa/500/402.png
York College (NEB),2022,
Young Harris College,2022,
